{
	"credit": "Made with Blockbench",
	"textures": {
		"0": "item/rod",
		"1": "item/yellow_concrete_powder",
		"particle": "item/rod"
	},
	"elements": [
		{
			"from": [7, 0, 7],
			"to": [9, 16, 9],
			"rotation": {"angle": 0, "axis": "y", "origin": [7, 0, 7]},
			"faces": {
				"north": {"uv": [0, 0, 2, 13], "texture": "#0"},
				"east": {"uv": [0, 0, 2, 13], "texture": "#0"},
				"south": {"uv": [0, 0, 2, 13], "texture": "#0"},
				"west": {"uv": [0, 0, 2, 13], "texture": "#0"},
				"up": {"uv": [0, 7, 2, 9], "texture": "#0"},
				"down": {"uv": [0, 7, 2, 9], "texture": "#0"}
			}
		},
		{
			"from": [6.9, 13, 5],
			"to": [9.1, 15, 11],
			"rotation": {"angle": 0, "axis": "y", "origin": [7, 13, 7]},
			"faces": {
				"north": {"uv": [0, 0, 2, 2], "texture": "#1"},
				"east": {"uv": [0, 0, 6, 2], "texture": "#1"},
				"south": {"uv": [4, 0, 6, 2], "texture": "#1"},
				"west": {"uv": [0, 0, 6, 2], "texture": "#1"},
				"up": {"uv": [0, 0, 2, 6], "rotation": 180, "texture": "#1"},
				"down": {"uv": [0, 0, 2, 6], "texture": "#1"}
			}
		},
		{
			"from": [6.9, 12, 3],
			"to": [9.1, 14, 5],
			"rotation": {"angle": 0, "axis": "y", "origin": [7, 12, 3]},
			"faces": {
				"north": {"uv": [0, 0, 2, 2], "texture": "#1"},
				"east": {"uv": [0, 0, 2, 2], "texture": "#1"},
				"south": {"uv": [0, 0, 2, 2], "texture": "#1"},
				"west": {"uv": [0, 0, 2, 2], "texture": "#1"},
				"up": {"uv": [0, 0, 2, 2], "texture": "#1"},
				"down": {"uv": [5, 6, 7, 8], "texture": "#1"}
			}
		},
		{
			"from": [6.9, 12, 5],
			"to": [9.1, 13, 6],
			"rotation": {"angle": 0, "axis": "y", "origin": [7, 12, 3]},
			"faces": {
				"north": {"uv": [0, 0, 1, 1], "texture": "#1"},
				"east": {"uv": [0, 0, 1, 1], "texture": "#1"},
				"south": {"uv": [10, 3, 12, 4], "texture": "#1"},
				"west": {"uv": [0, 0, 1, 1], "texture": "#1"},
				"up": {"uv": [0, 0, 1, 1], "texture": "#1"},
				"down": {"uv": [0, 0, 1, 1], "texture": "#1"}
			}
		},
		{
			"from": [6.9, 12, 10],
			"to": [9.1, 13, 11],
			"rotation": {"angle": 0, "axis": "y", "origin": [7, 12, 8]},
			"faces": {
				"north": {"uv": [8, 2, 10, 3], "texture": "#1"},
				"east": {"uv": [0, 0, 1, 1], "texture": "#1"},
				"south": {"uv": [0, 0, 1, 1], "texture": "#1"},
				"west": {"uv": [0, 0, 1, 1], "texture": "#1"},
				"up": {"uv": [0, 0, 1, 1], "texture": "#1"},
				"down": {"uv": [0, 0, 1, 1], "texture": "#1"}
			}
		},
		{
			"from": [6.9, 11, 14],
			"to": [9.1, 12, 15],
			"rotation": {"angle": 0, "axis": "y", "origin": [9, 12, 13]},
			"faces": {
				"north": {"uv": [0, 0, 1, 1], "texture": "#1"},
				"east": {"uv": [0, 0, 1, 1], "texture": "#1"},
				"south": {"uv": [0, 0, 1, 1], "texture": "#1"},
				"west": {"uv": [0, 0, 1, 1], "texture": "#1"},
				"up": {"uv": [0, 0, 1, 1], "texture": "#1"},
				"down": {"uv": [8, 8, 10, 9], "texture": "#1"}
			}
		},
		{
			"from": [6.9, 11, 13],
			"to": [9.1, 13, 14],
			"rotation": {"angle": 0, "axis": "y", "origin": [9, 12, 13]},
			"faces": {
				"north": {"uv": [0, 0, 1, 2], "texture": "#1"},
				"east": {"uv": [0, 0, 1, 2], "texture": "#1"},
				"south": {"uv": [0, 0, 1, 2], "texture": "#1"},
				"west": {"uv": [0, 0, 1, 2], "texture": "#1"},
				"up": {"uv": [0, 0, 1, 2], "texture": "#1"},
				"down": {"uv": [0, 0, 1, 2], "texture": "#1"}
			}
		},
		{
			"from": [6.9, 12, 11],
			"to": [9.1, 14, 13],
			"rotation": {"angle": 0, "axis": "y", "origin": [9, 12, 13]},
			"faces": {
				"north": {"uv": [0, 0, 2, 2], "texture": "#1"},
				"east": {"uv": [0, 0, 2, 2], "texture": "#1"},
				"south": {"uv": [0, 0, 2, 2], "texture": "#1"},
				"west": {"uv": [0, 2, 2, 4], "texture": "#1"},
				"up": {"uv": [0, 0, 2, 2], "texture": "#1"},
				"down": {"uv": [0, 0, 2, 2], "texture": "#1"}
			}
		},
		{
			"from": [6.9, 11, 2],
			"to": [9.1, 13, 3],
			"rotation": {"angle": 0, "axis": "y", "origin": [7, 12, 3]},
			"faces": {
				"north": {"uv": [0, 0, 2, 2], "texture": "#1"},
				"east": {"uv": [0, 0, 1, 2], "texture": "#1"},
				"south": {"uv": [0, 0, 1, 2], "texture": "#1"},
				"west": {"uv": [0, 0, 1, 2], "texture": "#1"},
				"up": {"uv": [0, 0, 1, 2], "texture": "#1"},
				"down": {"uv": [0, 0, 1, 2], "texture": "#1"}
			}
		},
		{
			"from": [6.9, 11, 1],
			"to": [9.1, 12, 2],
			"rotation": {"angle": 0, "axis": "y", "origin": [7, 12, 3]},
			"faces": {
				"north": {"uv": [0, 0, 2.2, 1], "texture": "#1"},
				"east": {"uv": [0, 0, 2.2, 1], "texture": "#1"},
				"south": {"uv": [0, 0, 2.2, 1], "texture": "#1"},
				"west": {"uv": [0, 0, 1, 1], "texture": "#1"},
				"up": {"uv": [0, 0, 2.2, 1], "texture": "#1"},
				"down": {"uv": [9, 6, 11.2, 7], "texture": "#1"}
			}
		}
	],
	"display": {
		"thirdperson_righthand": {
			"translation": [0, 1.75, 0.5]
		},
		"thirdperson_lefthand": {
			"translation": [0, 1.75, 0.5]
		},
		"firstperson_righthand": {
			"rotation": [-28, 0, 0],
			"translation": [0, 2.25, 0],
			"scale": [0.7, 0.7, 0.7]
		},
		"firstperson_lefthand": {
			"rotation": [-28, 0, 0],
			"translation": [0, 2.25, 0],
			"scale": [0.7, 0.7, 0.7]
		},
		"ground": {
			"rotation": [-0.2, 21.11, -92.73]
		},
		"gui": {
			"rotation": [90, 45, -90]
		},
		"head": {
			"rotation": [-45, 0, 0],
			"translation": [0, 6.25, -7.25]
		}
	}
}