{
	"credit": "Made with Blockbench",
	"textures": {
		"2": "item/yellow_concrete_powder",
		"5": "item/rod",
		"particle": "item/rod"
	},
	"elements": [
		{
			"from": [7, 8, 6.8],
			"to": [9, 10, 8.8],
			"rotation": {"angle": -45, "axis": "x", "origin": [7, 8, 6]},
			"faces": {
				"north": {"uv": [4, 0, 6, 2], "texture": "#2"},
				"east": {"uv": [4, 0, 6, 2], "texture": "#2"},
				"south": {"uv": [4, 0, 6, 2], "texture": "#2"},
				"west": {"uv": [4, 0, 6, 2], "texture": "#2"},
				"up": {"uv": [4, 0, 6, 2], "texture": "#2"},
				"down": {"uv": [4, 0, 6, 2], "texture": "#2"}
			}
		},
		{
			"from": [7, 7, 9.8],
			"to": [9, 9, 11.8],
			"rotation": {"angle": -45, "axis": "x", "origin": [7, 7, 9]},
			"faces": {
				"north": {"uv": [0, 0, 8, 8], "texture": "#2"},
				"east": {"uv": [0, 0, 8, 8], "texture": "#2"},
				"south": {"uv": [0, 0, 8, 8], "texture": "#2"},
				"west": {"uv": [0, 0, 8, 8], "texture": "#2"},
				"up": {"uv": [0, 0, 8, 8], "texture": "#2"},
				"down": {"uv": [0, 0, 8, 8], "texture": "#2"}
			}
		},
		{
			"from": [7.1, 8, 9.8],
			"to": [8.9, 10, 11.8],
			"rotation": {"angle": -45, "axis": "x", "origin": [7, 8, 9]},
			"faces": {
				"north": {"uv": [0, 0, 8, 8], "texture": "#2"},
				"east": {"uv": [0, 0, 8, 8], "texture": "#2"},
				"south": {"uv": [0, 0, 8, 8], "texture": "#2"},
				"west": {"uv": [0, 0, 8, 8], "texture": "#2"},
				"up": {"uv": [0, 0, 8, 8], "texture": "#2"},
				"down": {"uv": [0, 0, 8, 8], "texture": "#2"}
			}
		},
		{
			"from": [7, 9, 9.8],
			"to": [9, 11, 11.8],
			"rotation": {"angle": -45, "axis": "x", "origin": [7, 9, 9]},
			"faces": {
				"north": {"uv": [0, 0, 8, 8], "texture": "#2"},
				"east": {"uv": [0, 0, 8, 8], "texture": "#2"},
				"south": {"uv": [0, 0, 8, 8], "texture": "#2"},
				"west": {"uv": [0, 0, 8, 8], "texture": "#2"},
				"up": {"uv": [0, 0, 8, 8], "texture": "#2"},
				"down": {"uv": [0, 0, 8, 8], "texture": "#2"}
			}
		},
		{
			"from": [6.9, 8, 9],
			"to": [9.1, 12, 10],
			"rotation": {"angle": 0, "axis": "y", "origin": [7, 10, 9]},
			"faces": {
				"north": {"uv": [15, 0, 12, 10], "texture": "#2"},
				"east": {"uv": [15, 0, 12, 10], "texture": "#2"},
				"south": {"uv": [15, 0, 12, 10], "texture": "#2"},
				"west": {"uv": [15, 0, 12, 10], "texture": "#2"},
				"up": {"uv": [15, 0, 12, 10], "texture": "#2"},
				"down": {"uv": [15, 0, 12, 10], "texture": "#2"}
			}
		},
		{
			"from": [6.9, 9, 7],
			"to": [9.1, 11, 9],
			"rotation": {"angle": 0, "axis": "y", "origin": [7, 9, 7]},
			"faces": {
				"north": {"uv": [4, 0, 0, 4], "texture": "#2"},
				"east": {"uv": [4, 0, 0, 4], "texture": "#2"},
				"south": {"uv": [4, 0, 0, 4], "texture": "#2"},
				"west": {"uv": [4, 0, 0, 4], "texture": "#2"},
				"up": {"uv": [4, 0, 0, 4], "texture": "#2"},
				"down": {"uv": [4, 0, 0, 4], "texture": "#2"}
			}
		},
		{
			"from": [7.5, 0, 7.5],
			"to": [8.5, 12, 8.5],
			"rotation": {"angle": 0, "axis": "y", "origin": [7, 0, 7]},
			"faces": {
				"north": {"uv": [0, 0, 2, 12], "texture": "#5"},
				"east": {"uv": [0, 0, 2, 12], "texture": "#5"},
				"south": {"uv": [0, 0, 2, 12], "texture": "#5"},
				"west": {"uv": [0, 0, 2, 12], "texture": "#5"},
				"up": {"uv": [0, 6, 2, 8], "texture": "#5"},
				"down": {"uv": [2, 8, 0, 6], "texture": "#5"}
			}
		}
	],
	"display": {
		"thirdperson_righthand": {
			"rotation": [0, 180, 0],
			"translation": [0, 3.25, 1]
		},
		"thirdperson_lefthand": {
			"rotation": [0, 180, 0],
			"translation": [0, 3.25, 1]
		},
		"firstperson_righthand": {
			"rotation": [0, 180, 0],
			"translation": [0, 5.5, 0]
		},
		"firstperson_lefthand": {
			"rotation": [0, 180, 0],
			"translation": [0, 5.5, 0]
		},
		"ground": {
			"rotation": [-180, -16.12, 90],
			"translation": [0, -1.5, 0]
		},
		"gui": {
			"rotation": [90, 47.25, -90],
			"translation": [1.5, 1.5, 0],
			"scale": [1.5, 1.5, 1.5]
		},
		"head": {
			"rotation": [-85, 154, 180],
			"translation": [-7, 8.75, -5.5],
			"scale": [2, 2, 2]
		},
		"fixed": {
			"rotation": [26, 32, 0]
		}
	},
	"groups": [
		{
			"name": "group",
			"origin": [7, 0, 7],
			"color": 0,
			"children": [0, 1, 2, 3, 4, 5]
		},
		6
	]
}