{
	"credit": "Made with Blockbench",
	"textures": {
		"0": "item/rod",
		"1": "item/yellow_concrete_powder",
		"particle": "item/rod"
	},
	"elements": [
		{
			"from": [6.9, 0, 7],
			"to": [9.1, 10, 9],
			"rotation": {"angle": 0, "axis": "y", "origin": [7, 0, 7]},
			"faces": {
				"north": {"uv": [0, 0, 2, 10], "texture": "#0"},
				"east": {"uv": [0, 0, 2, 10], "texture": "#0"},
				"south": {"uv": [0, 0, 2, 10], "texture": "#0"},
				"west": {"uv": [0, 0, 2, 10], "texture": "#0"},
				"up": {"uv": [0, 0, 2, 10], "texture": "#0"},
				"down": {"uv": [0, 0, 2, 10], "texture": "#0"}
			}
		},
		{
			"from": [6.8, 7.5, 9],
			"to": [9.2, 9.5, 11],
			"rotation": {"angle": 22.5, "axis": "x", "origin": [9, 9, 9]},
			"faces": {
				"north": {"uv": [0, 7, 2, 9], "rotation": 180, "texture": "#0"},
				"east": {"uv": [0, 7, 2, 9], "rotation": 180, "texture": "#0"},
				"south": {"uv": [0, 7, 2, 9], "rotation": 180, "texture": "#0"},
				"west": {"uv": [0, 7, 2, 9], "rotation": 180, "texture": "#0"},
				"up": {"uv": [0, 7, 2, 9], "rotation": 180, "texture": "#0"},
				"down": {"uv": [0, 7, 2, 9], "rotation": 180, "texture": "#0"}
			}
		},
		{
			"from": [6.8, 7.1, 5],
			"to": [9.2, 9.1, 7],
			"rotation": {"angle": -22.5, "axis": "x", "origin": [9, 9, 6]},
			"faces": {
				"north": {"uv": [0, 7, 2, 9], "rotation": 180, "texture": "#0"},
				"east": {"uv": [0, 7, 2, 9], "rotation": 180, "texture": "#0"},
				"south": {"uv": [0, 7, 2, 9], "rotation": 180, "texture": "#0"},
				"west": {"uv": [0, 7, 2, 9], "rotation": 180, "texture": "#0"},
				"up": {"uv": [0, 7, 2, 9], "rotation": 180, "texture": "#0"},
				"down": {"uv": [0, 7, 2, 9], "rotation": 180, "texture": "#0"}
			}
		},
		{
			"from": [6.9, 7.5, 3],
			"to": [9.1, 8.5, 7],
			"rotation": {"angle": 0, "axis": "y", "origin": [7, 8, 6]},
			"faces": {
				"north": {"uv": [0, 0, 2, 1], "texture": "#0"},
				"east": {"uv": [0, 11, 2, 12], "texture": "#0"},
				"south": {"uv": [0, 0, 2, 1], "texture": "#0"},
				"west": {"uv": [0, 11, 2, 12], "texture": "#0"},
				"up": {"uv": [0, 8, 2, 12], "texture": "#0"},
				"down": {"uv": [0, 8, 2, 12], "texture": "#0"}
			}
		},
		{
			"from": [6.9, 7.5, 9],
			"to": [9.1, 8.5, 13],
			"rotation": {"angle": 0, "axis": "y", "origin": [7, 8, 12]},
			"faces": {
				"north": {"uv": [0, 0, 2, 1], "rotation": 180, "texture": "#0"},
				"east": {"uv": [0, 11, 2, 12], "rotation": 180, "texture": "#0"},
				"south": {"uv": [0, 0, 2, 1], "rotation": 180, "texture": "#0"},
				"west": {"uv": [0, 11, 2, 12], "rotation": 180, "texture": "#0"},
				"up": {"uv": [0, 8, 2, 12], "rotation": 180, "texture": "#0"},
				"down": {"uv": [0, 8, 2, 12], "rotation": 180, "texture": "#0"}
			}
		},
		{
			"from": [6.9, 6.5, 9],
			"to": [9.1, 7.5, 11],
			"rotation": {"angle": 0, "axis": "y", "origin": [7, 6, 9]},
			"faces": {
				"north": {"uv": [0, 0, 2, 2], "texture": "#0"},
				"east": {"uv": [0, 0, 2, 2], "texture": "#0"},
				"south": {"uv": [0, 0, 2, 2], "texture": "#0"},
				"west": {"uv": [0, 0, 2, 2], "texture": "#0"},
				"up": {"uv": [0, 0, 2, 2], "texture": "#0"},
				"down": {"uv": [0, 0, 2, 2], "texture": "#0"}
			}
		},
		{
			"from": [6.9, 6.5, 5],
			"to": [9.1, 7.5, 7],
			"rotation": {"angle": 0, "axis": "y", "origin": [7, 6, 5]},
			"faces": {
				"north": {"uv": [0, 0, 2, 2], "texture": "#0"},
				"east": {"uv": [0, 0, 2, 2], "texture": "#0"},
				"south": {"uv": [0, 0, 2, 2], "texture": "#0"},
				"west": {"uv": [0, 0, 2, 2], "texture": "#0"},
				"up": {"uv": [0, 0, 2, 2], "texture": "#0"},
				"down": {"uv": [0, 0, 2, 2], "texture": "#0"}
			}
		},
		{
			"from": [6.9, 18, 5.5],
			"to": [9.1, 22, 9.5],
			"rotation": {"angle": 45, "axis": "x", "origin": [7, 19, 7]},
			"faces": {
				"north": {"uv": [0, 0, 2.2, 4], "texture": "#1"},
				"east": {"uv": [0, 0, 4, 4], "texture": "#1"},
				"south": {"uv": [0, 0, 2.2, 4], "texture": "#1"},
				"west": {"uv": [8, 0, 12, 4], "texture": "#1"},
				"up": {"uv": [0, 0, 2.2, 4], "texture": "#1"},
				"down": {"uv": [0, 0, 2.2, 4], "texture": "#1"}
			}
		},
		{
			"from": [7, 9, 5.5],
			"to": [9, 13, 9.5],
			"rotation": {"angle": 45, "axis": "x", "origin": [7, 10, 7]},
			"faces": {
				"north": {"uv": [0, 0, 2, 4], "texture": "#1"},
				"east": {"uv": [0, 0, 4, 4], "texture": "#1"},
				"south": {"uv": [0, 0, 2, 4], "texture": "#1"},
				"west": {"uv": [0, 0, 4, 4], "texture": "#1"},
				"up": {"uv": [0, 0, 2, 4], "texture": "#1"},
				"down": {"uv": [0, 0, 2, 4], "texture": "#1"}
			}
		},
		{
			"from": [6.9, 12, 5.5],
			"to": [9.1, 16, 9.5],
			"rotation": {"angle": 45, "axis": "x", "origin": [7, 13, 7]},
			"faces": {
				"north": {"uv": [0, 0, 2.2, 4], "texture": "#1"},
				"east": {"uv": [4, 0, 8, 4], "texture": "#1"},
				"south": {"uv": [0, 0, 2.2, 4], "texture": "#1"},
				"west": {"uv": [4, 0, 8, 4], "texture": "#1"},
				"up": {"uv": [0, 0, 2.2, 4], "texture": "#1"},
				"down": {"uv": [0, 0, 2.2, 4], "texture": "#1"}
			}
		},
		{
			"from": [7, 15, 5.5],
			"to": [9, 19, 9.5],
			"rotation": {"angle": 45, "axis": "x", "origin": [7, 16, 7]},
			"faces": {
				"north": {"uv": [0, 0, 2, 4], "texture": "#1"},
				"east": {"uv": [12, 0, 16, 4], "texture": "#1"},
				"south": {"uv": [0, 0, 2, 4], "texture": "#1"},
				"west": {"uv": [0, 0, 4, 4], "texture": "#1"},
				"up": {"uv": [0, 0, 2, 4], "texture": "#1"},
				"down": {"uv": [0, 0, 2, 4], "texture": "#1"}
			}
		},
		{
			"from": [7, 21, 5.5],
			"to": [9, 25, 9.5],
			"rotation": {"angle": 45, "axis": "x", "origin": [7, 22, 7]},
			"faces": {
				"north": {"uv": [0, 0, 2, 4], "texture": "#1"},
				"east": {"uv": [0, 5, 4, 9], "texture": "#1"},
				"south": {"uv": [0, 0, 2, 4], "texture": "#1"},
				"west": {"uv": [12, 0, 16, 4], "texture": "#1"},
				"up": {"uv": [0, 0, 2, 4], "texture": "#1"},
				"down": {"uv": [0, 0, 2, 4], "texture": "#1"}
			}
		}
	],
	"display": {
		"thirdperson_righthand": {
			"translation": [0, 2.5, 0.5],
			"scale": [0.7, 0.7, 0.7]
		},
		"thirdperson_lefthand": {
			"translation": [0, 2.5, 0.5],
			"scale": [0.7, 0.7, 0.7]
		},
		"firstperson_righthand": {
			"rotation": [-24, 0, 0],
			"scale": [0.8, 0.8, 0.8]
		},
		"firstperson_lefthand": {
			"rotation": [-24, 0, 0],
			"scale": [0.8, 0.8, 0.8]
		},
		"ground": {
			"rotation": [-7.93, -15.54, 92.81],
			"translation": [3, -2.75, 0],
			"scale": [0.7, 0.7, 0.7]
		},
		"gui": {
			"rotation": [90, 48.25, -90],
			"translation": [-1.5, -2.5, 0],
			"scale": [0.7, 0.7, 0.7]
		},
		"head": {
			"rotation": [90, 0, -90],
			"translation": [-12, 0, 0]
		},
		"fixed": {
			"rotation": [93.25, 0, 0],
			"translation": [0, 0, -6.75]
		}
	},
	"groups": [
		0,
		1,
		2,
		3,
		4,
		5,
		6,
		{
			"name": "blade",
			"origin": [7, 22, 7],
			"color": 0,
			"children": [7, 8, 9, 10, 11]
		}
	]
}