{
	"credit": "Made with Blockbench",
	"textures": {
		"0": "block/space",
		"1": "block/base",
		"particle": "block/space"
	},
	"elements": [
		{
			"from": [6, 0, 7],
			"to": [10, 3, 9],
			"rotation": {"angle": 0, "axis": "y", "origin": [7, 0, 7]},
			"faces": {
				"north": {"uv": [0, 0, 4, 3], "texture": "#1"},
				"east": {"uv": [8, 8, 10, 11], "texture": "#1"},
				"south": {"uv": [0, 3, 4, 6], "texture": "#1"},
				"west": {"uv": [10, 0, 12, 3], "texture": "#1"},
				"up": {"uv": [4, 8, 0, 6], "texture": "#1"},
				"down": {"uv": [8, 6, 4, 8], "texture": "#1"}
			}
		},
		{
			"from": [7, 0, 9],
			"to": [9, 3, 10],
			"rotation": {"angle": 0, "axis": "y", "origin": [7, 0, 12]},
			"faces": {
				"north": {"uv": [10, 3, 12, 6], "texture": "#1"},
				"east": {"uv": [4, 0, 5, 3], "texture": "#1"},
				"south": {"uv": [10, 6, 12, 9], "texture": "#1"},
				"west": {"uv": [4, 3, 5, 6], "texture": "#1"},
				"up": {"uv": [2, 12, 0, 11], "texture": "#1"},
				"down": {"uv": [10, 0, 8, 4], "texture": "#1"}
			}
		},
		{
			"from": [7, 0, 6],
			"to": [9, 3, 7],
			"rotation": {"angle": 0, "axis": "y", "origin": [7, 0, 9]},
			"faces": {
				"north": {"uv": [10, 3, 12, 6], "texture": "#1"},
				"east": {"uv": [4, 0, 5, 3], "texture": "#1"},
				"south": {"uv": [10, 6, 12, 9], "texture": "#1"},
				"west": {"uv": [4, 3, 5, 6], "texture": "#1"},
				"up": {"uv": [2, 12, 0, 11], "texture": "#1"},
				"down": {"uv": [10, 0, 8, 4], "texture": "#1"}
			}
		},
		{
			"from": [6.9, 3, 6.9],
			"to": [9.1, 7, 9.1],
			"rotation": {"angle": 0, "axis": "y", "origin": [7, 0, 7]},
			"faces": {
				"north": {"uv": [2, 8, 4, 12], "texture": "#1"},
				"east": {"uv": [4, 8, 6, 12], "texture": "#1"},
				"south": {"uv": [8, 4, 10, 8], "texture": "#1"},
				"west": {"uv": [6, 8, 8, 12], "texture": "#1"},
				"up": {"uv": [12, 11, 10, 9], "texture": "#1"},
				"down": {"uv": [10, 11, 8, 13], "texture": "#1"}
			}
		},
		{
			"from": [7.5, 7, 7.5],
			"to": [8.7, 11, 8.7],
			"rotation": {"angle": 0, "axis": "y", "origin": [7, 6, 7]},
			"faces": {
				"north": {"uv": [10, 11, 11, 15], "texture": "#1"},
				"east": {"uv": [11, 11, 12, 15], "texture": "#1"},
				"south": {"uv": [0, 12, 1, 16], "texture": "#1"},
				"west": {"uv": [12, 0, 13, 4], "texture": "#1"},
				"up": {"uv": [2, 13, 1, 12], "texture": "#1"},
				"down": {"uv": [3, 12, 2, 13], "texture": "#1"}
			}
		},
		{
			"from": [4, 12, 4],
			"to": [12, 20, 12],
			"rotation": {"angle": 0, "axis": "y", "origin": [6.5, 11, 7]},
			"faces": {
				"north": {"uv": [0, 0, 8, 8], "texture": "#0"},
				"east": {"uv": [0, 0, 8, 8], "texture": "#0"},
				"south": {"uv": [0, 0, 8, 8], "texture": "#0"},
				"west": {"uv": [0, 0, 8, 8], "texture": "#0"},
				"up": {"uv": [0, 0, 8, 8], "texture": "#0"},
				"down": {"uv": [0, 0, 8, 8], "texture": "#0"}
			}
		},
		{
			"from": [7, 15, 13.7],
			"to": [9, 17, 13.7],
			"rotation": {"angle": 0, "axis": "y", "origin": [5, 12, 16]},
			"faces": {
				"north": {"uv": [3, 3, 5, 5], "texture": "#0"},
				"east": {"uv": [3, 3, 5, 5], "texture": "#0"},
				"south": {"uv": [3, 3, 5, 5], "texture": "#0"},
				"west": {"uv": [3, 3, 5, 5], "texture": "#0"},
				"up": {"uv": [3, 3, 5, 5], "texture": "#0"},
				"down": {"uv": [3, 3, 5, 5], "texture": "#0"}
			}
		},
		{
			"from": [7, 15, 1.7],
			"to": [9, 17, 1.7],
			"rotation": {"angle": 0, "axis": "y", "origin": [5, 12, 4]},
			"faces": {
				"north": {"uv": [3, 3, 5, 5], "texture": "#0"},
				"east": {"uv": [3, 3, 5, 5], "texture": "#0"},
				"south": {"uv": [3, 3, 5, 5], "texture": "#0"},
				"west": {"uv": [3, 3, 5, 5], "texture": "#0"},
				"up": {"uv": [3, 3, 5, 5], "texture": "#0"},
				"down": {"uv": [3, 3, 5, 5], "texture": "#0"}
			}
		},
		{
			"from": [14.3, 15, 7],
			"to": [14.3, 17, 9],
			"rotation": {"angle": 0, "axis": "y", "origin": [12, 12, 5]},
			"faces": {
				"north": {"uv": [3, 3, 5, 5], "texture": "#0"},
				"east": {"uv": [3, 3, 5, 5], "texture": "#0"},
				"south": {"uv": [3, 3, 5, 5], "texture": "#0"},
				"west": {"uv": [3, 3, 5, 5], "texture": "#0"},
				"up": {"uv": [3, 3, 5, 5], "rotation": 90, "texture": "#0"},
				"down": {"uv": [3, 3, 5, 5], "rotation": 270, "texture": "#0"}
			}
		},
		{
			"from": [2.3, 15, 7],
			"to": [2.3, 17, 9],
			"rotation": {"angle": 0, "axis": "y", "origin": [0, 12, 5]},
			"faces": {
				"north": {"uv": [3, 3, 5, 5], "texture": "#0"},
				"east": {"uv": [3, 3, 5, 5], "texture": "#0"},
				"south": {"uv": [3, 3, 5, 5], "texture": "#0"},
				"west": {"uv": [3, 3, 5, 5], "texture": "#0"},
				"up": {"uv": [3, 3, 5, 5], "rotation": 90, "texture": "#0"},
				"down": {"uv": [3, 3, 5, 5], "rotation": 270, "texture": "#0"}
			}
		},
		{
			"from": [6, 14, 12.4],
			"to": [10, 18, 12.4],
			"rotation": {"angle": 0, "axis": "y", "origin": [5, 12, 15]},
			"faces": {
				"north": {"uv": [2, 2, 6, 6], "texture": "#0"},
				"east": {"uv": [2, 2, 6, 6], "texture": "#0"},
				"south": {"uv": [2, 2, 6, 6], "texture": "#0"},
				"west": {"uv": [2, 2, 6, 6], "texture": "#0"},
				"up": {"uv": [2, 2, 6, 6], "texture": "#0"},
				"down": {"uv": [2, 2, 6, 6], "texture": "#0"}
			}
		},
		{
			"from": [6, 14, 3.4],
			"to": [10, 18, 3.4],
			"rotation": {"angle": 0, "axis": "y", "origin": [5, 12, 6]},
			"faces": {
				"north": {"uv": [2, 2, 6, 6], "texture": "#0"},
				"east": {"uv": [2, 2, 6, 6], "texture": "#0"},
				"south": {"uv": [2, 2, 6, 6], "texture": "#0"},
				"west": {"uv": [2, 2, 6, 6], "texture": "#0"},
				"up": {"uv": [2, 2, 6, 6], "texture": "#0"},
				"down": {"uv": [2, 2, 6, 6], "texture": "#0"}
			}
		},
		{
			"from": [12.6, 14, 6],
			"to": [12.6, 18, 10],
			"rotation": {"angle": 0, "axis": "y", "origin": [10, 12, 5]},
			"faces": {
				"north": {"uv": [2, 2, 6, 6], "texture": "#0"},
				"east": {"uv": [2, 2, 6, 6], "texture": "#0"},
				"south": {"uv": [2, 2, 6, 6], "texture": "#0"},
				"west": {"uv": [2, 2, 6, 6], "texture": "#0"},
				"up": {"uv": [2, 2, 6, 6], "rotation": 90, "texture": "#0"},
				"down": {"uv": [2, 2, 6, 6], "rotation": 270, "texture": "#0"}
			}
		},
		{
			"from": [3.6, 14, 6],
			"to": [3.6, 18, 10],
			"rotation": {"angle": 0, "axis": "y", "origin": [1, 12, 5]},
			"faces": {
				"north": {"uv": [2, 2, 6, 6], "texture": "#0"},
				"east": {"uv": [2, 2, 6, 6], "texture": "#0"},
				"south": {"uv": [2, 2, 6, 6], "texture": "#0"},
				"west": {"uv": [2, 2, 6, 6], "texture": "#0"},
				"up": {"uv": [2, 2, 6, 6], "rotation": 90, "texture": "#0"},
				"down": {"uv": [2, 2, 6, 6], "rotation": 270, "texture": "#0"}
			}
		}
	],
	"display": {
		"thirdperson_righthand": {
			"translation": [0, 0.75, 0.25]
		},
		"thirdperson_lefthand": {
			"translation": [0, 0.75, 0.25]
		},
		"firstperson_righthand": {
			"rotation": [-20, 0, 0]
		},
		"firstperson_lefthand": {
			"rotation": [-20, 0, 0]
		},
		"ground": {
			"translation": [0, 6, 0]
		},
		"gui": {
			"translation": [0, -1, 0],
			"scale": [0.7, 0.7, 0.7]
		},
		"head": {
			"translation": [0, 14.25, 0]
		},
		"fixed": {
			"translation": [0, -1.5, 0],
			"scale": [0.7, 0.7, 0.7]
		}
	},
	"groups": [
		{
			"name": "base",
			"origin": [7, 6, 7],
			"color": 0,
			"children": [0, 1, 2, 3, 4]
		},
		5,
		6,
		7,
		8,
		9,
		10,
		11,
		12,
		13
	]
}